student_id,course_id,assignments,midterm,attendance_percentage,status,predicted_status,pass_probability
9,1,15,12,4.807692307692308,fail,Fail,0.5129746354688389
9,2,12,30,3.7946428571428568,pass,Pass,0.6045605973515726
9,3,10,5,6.8181818181818175,fail,Fail,0.426252549076578
9,4,9,21,9.375,fail,Fail,0.5163587518694023
9,5,13,9,5.681818181818182,fail,Fail,0.4767006259216275
9,6,8,28,5.769230769230769,pass,Pass,0.5585314568365368
