student_id,course_id,assignments,midterm,attendance_percentage,status,predicted_status,pass_probability
10,1,13,5,4.567307692307692,pass,Fail,0.4524900687131282
10,2,11,1,5.133928571428571,fail,Fail,0.411075371778561
10,3,17,8,5.965909090909091,pass,Fail,0.5009279980658076
10,4,0,20,7.638888888888889,fail,Fail,0.4415538972829174
10,5,18,21,7.670454545454546,pass,Pass,0.5884890470237382
10,6,12,28,5.769230769230769,pass,Pass,0.588924811721462
